Job Order,Location,Due Date,IsPastDue
30689189,Sacramento,9/1/16,1
30741678,San Ramon,9/2/16,0
30768613,San Jose,9/3/16,1
30774520,Walnut Creek,9/4/16,0
30777956,Sacramento,9/5/16,1
30778042,Truckee,9/6/16,0
30783814,San Jose,9/7/16,1
30803611,San Ramon,9/8/16,0
30812380,Yosemite,9/9/16,1
30812521,Sacramento,9/10/16,0
30816855,Truckee,9/11/16,1
30818557,Yosemite,9/12/16,1
30847509,San Ramon,9/13/16,0
30849078,Walnut Creek,9/14/16,1
30852335,Yosemite,9/15/16,0
30854384,Yosemite,9/16/16,1
30854385,Sacramento,9/17/16,0
30854408,San Jose,9/18/16,1
30854506,San Ramon,9/19/16,0
30854507,Truckee,9/20/16,1
30854511,Truckee,9/21/16,0
30854518,Sacramento,9/22/16,1
30854525,Yosemite,9/23/16,1
30854536,Yosemite,9/24/16,0
30854538,San Ramon,9/25/16,1
30871195,Walnut Creek,9/26/16,0
30873845,Walnut Creek,9/27/16,1
30873857,Walnut Creek,9/28/16,0
30873859,Sacramento,9/29/16,1
30873893,San Ramon,9/30/16,0
30874331,San Jose,10/1/16,1
30880837,San Jose,10/2/16,0
30880923,Yosemite,10/3/16,1
30881222,Yosemite,10/4/16,0
30881228,Sacramento,10/5/16,1
30882127,Truckee,10/6/16,0
30882421,Truckee,10/7/16,1
30882722,Truckee,10/8/16,0
30882725,Sacramento,10/9/16,1